City_ID,City,Lat,Lng,Max Temp,Humidity,Cloudiness,Wind Speed,Country,Date,Datetime
0,praia da vitoria,38.7333,-27.0667,61.05,82,75,16.46,PT,1675648992,2023-02-06 02:03:12
1,busselton,-33.65,115.3333,75.99,55,0,12.35,AU,1675648993,2023-02-06 02:03:13
2,mataura,-46.1927,168.8643,66.56,57,98,11.48,NZ,1675648993,2023-02-06 02:03:13
3,khatanga,71.9667,102.5,-34.53,100,48,6.49,RU,1675648994,2023-02-06 02:03:14
4,komatipoort,-25.4332,31.9548,72.05,92,68,5.3,ZA,1675648995,2023-02-06 02:03:15
5,along,28.1667,94.7667,59.27,51,6,1.01,IN,1675648995,2023-02-06 02:03:15
6,hobart,-42.8794,147.3294,71.46,51,75,18.41,AU,1675648482,2023-02-06 01:54:42
7,nome,64.5011,-165.4064,5.43,88,17,6.96,US,1675648909,2023-02-06 02:01:49
8,sur,22.5667,59.5289,69.49,69,6,5.32,OM,1675648996,2023-02-06 02:03:16
9,ajdabiya,30.7554,20.2263,53.69,50,100,21.32,LY,1675648997,2023-02-06 02:03:17
10,hermanus,-34.4187,19.2345,71.8,88,34,12.57,ZA,1675648998,2023-02-06 02:03:18
11,ushuaia,-54.8,-68.3,44.26,65,40,20.71,AR,1675648876,2023-02-06 02:01:16
12,cherskiy,68.75,161.3,-37.07,99,99,4.72,RU,1675648999,2023-02-06 02:03:19
13,meulaboh,4.1363,96.1285,75.85,89,99,9.24,ID,1675649000,2023-02-06 02:03:20
14,tuktoyaktuk,69.4541,-133.0374,-45.4,66,20,4.61,CA,1675649001,2023-02-06 02:03:21
15,leningradskiy,69.3833,178.4167,-20.92,98,100,4.88,RU,1675649002,2023-02-06 02:03:22
16,cidreira,-30.1811,-50.2056,72.12,82,100,6.96,BR,1675648730,2023-02-06 01:58:50
17,bluff,-46.6,168.3333,60.3,76,66,24.18,NZ,1675649002,2023-02-06 02:03:22
18,aksarka,66.5606,67.7975,-15.47,100,35,2.48,RU,1675649003,2023-02-06 02:03:23
19,east london,-33.0153,27.9116,74.1,85,74,12.71,ZA,1675648834,2023-02-06 02:00:34
20,souillac,-20.5167,57.5167,77.38,88,40,3.44,MU,1675649005,2023-02-06 02:03:25
21,zabid,14.1951,43.3152,73.56,78,9,2.95,YE,1675649006,2023-02-06 02:03:26
22,kapaa,22.0752,-159.319,79.12,81,75,16.11,US,1675649007,2023-02-06 02:03:27
23,bethel,41.3712,-73.414,41.38,67,0,0.0,US,1675649008,2023-02-06 02:03:28
24,sidney,-33.8679,151.2073,87.31,65,40,18.41,AU,1675648963,2023-02-06 02:02:43
25,provideniya,64.3833,-173.3,8.71,61,100,15.99,RU,1675649009,2023-02-06 02:03:29
26,barrow,71.2906,-156.7887,-18.38,76,100,5.75,US,1675649010,2023-02-06 02:03:30
27,yellowknife,62.456,-114.3525,-3.44,77,100,11.5,CA,1675648845,2023-02-06 02:00:45
28,albany,42.6001,-73.9662,38.62,62,100,3.96,US,1675648811,2023-02-06 02:00:11
29,pacific grove,36.6177,-121.9166,51.91,82,75,14.0,US,1675649010,2023-02-06 02:03:30
30,nantucket,41.2835,-70.0995,43.14,82,0,9.22,US,1675648876,2023-02-06 02:01:16
31,isabela,6.7085,121.9711,84.25,69,100,5.5,PH,1675649011,2023-02-06 02:03:31
32,lagoa,39.05,-27.9833,58.53,85,100,10.33,PT,1675649011,2023-02-06 02:03:31
33,beidao,34.5686,105.8933,42.51,51,41,2.42,CN,1675649012,2023-02-06 02:03:32
34,geraldton,-28.7667,114.6,77.41,65,100,16.11,AU,1675649012,2023-02-06 02:03:32
35,nelson bay,-32.7167,152.15,84.25,69,5,13.51,AU,1675649012,2023-02-06 02:03:32
36,pisco,-13.7,-76.2167,75.25,83,0,10.36,PE,1675649012,2023-02-06 02:03:32
37,victoria,22.2855,114.1577,68.38,84,95,4.0,HK,1675648775,2023-02-06 01:59:35
38,yarmouth,41.7057,-70.2286,44.96,82,0,11.5,US,1675649013,2023-02-06 02:03:33
39,mount gambier,-37.8333,140.7667,69.33,50,13,7.14,AU,1675649014,2023-02-06 02:03:34
40,lata,40.1629,-8.3327,38.07,77,0,5.26,PT,1675649014,2023-02-06 02:03:34
41,hithadhoo,-0.6,73.0833,81.16,70,99,10.98,MV,1675649014,2023-02-06 02:03:34
42,scarborough,54.2797,-0.4044,38.66,85,35,1.99,GB,1675649015,2023-02-06 02:03:35
43,prainha,-1.8,-53.48,73.62,93,66,3.18,BR,1675649015,2023-02-06 02:03:35
44,clonakilty,51.6231,-8.8706,47.41,96,47,10.89,IE,1675649016,2023-02-06 02:03:36
45,saint-philippe,-21.3585,55.7679,76.59,83,94,10.54,RE,1675649016,2023-02-06 02:03:36
46,jamestown,42.097,-79.2353,41.02,77,100,11.5,US,1675648630,2023-02-06 01:57:10
47,vestmannaeyjar,63.4427,-20.2734,39.88,67,100,32.5,IS,1675649016,2023-02-06 02:03:36
48,hazaribag,23.9833,85.35,59.4,40,0,3.98,IN,1675649017,2023-02-06 02:03:37
49,yen bai,21.7,104.8667,68.02,98,100,2.91,VN,1675649017,2023-02-06 02:03:37
50,west bay,19.3667,-81.4167,79.07,85,20,2.3,KY,1675649018,2023-02-06 02:03:38
51,castro,-24.7911,-50.0119,61.68,81,9,4.83,BR,1675649018,2023-02-06 02:03:38
52,kruisfontein,-34.0033,24.7314,72.88,93,97,3.49,ZA,1675649018,2023-02-06 02:03:38
53,chernyshevskiy,63.0128,112.4714,-49.56,100,78,1.34,RU,1675649019,2023-02-06 02:03:39
54,rikitea,-23.1203,-134.9692,78.78,76,3,15.28,PF,1675649019,2023-02-06 02:03:39
55,bengkulu,-3.8004,102.2655,79.56,71,89,5.5,ID,1675649019,2023-02-06 02:03:39
56,ranong,9.9658,98.6348,76.93,72,81,3.94,TH,1675648885,2023-02-06 02:01:25
57,port alfred,-33.5906,26.891,72.18,94,85,9.15,ZA,1675649020,2023-02-06 02:03:40
58,rawson,-43.3002,-65.1023,63.39,62,80,17.85,AR,1675649020,2023-02-06 02:03:40
59,bredasdorp,-34.5322,20.0403,68.54,90,51,10.63,ZA,1675649021,2023-02-06 02:03:41
60,butaritari,3.0707,172.7902,80.62,82,86,18.57,KI,1675649021,2023-02-06 02:03:41
61,thompson,55.7435,-97.8558,6.96,85,100,4.61,CA,1675649021,2023-02-06 02:03:41
62,san patricio,28.017,-97.5169,66.83,87,0,9.57,US,1675649022,2023-02-06 02:03:42
63,kodiak,57.79,-152.4072,36.91,93,100,13.8,US,1675649022,2023-02-06 02:03:42
64,aksu,41.1231,80.2644,21.58,80,100,2.15,CN,1675649022,2023-02-06 02:03:42
65,sinnamary,5.3833,-52.95,75.74,88,100,10.89,GF,1675649023,2023-02-06 02:03:43
66,havre-saint-pierre,50.2334,-63.5986,12.2,85,100,3.44,CA,1675649023,2023-02-06 02:03:43
67,pitea,65.3172,21.4794,15.89,78,10,7.72,SE,1675649023,2023-02-06 02:03:43
68,vao,-22.6667,167.4833,79.16,84,48,16.04,NC,1675649024,2023-02-06 02:03:44
69,tasiilaq,65.6145,-37.6368,23.16,94,100,5.46,GL,1675649024,2023-02-06 02:03:44
70,longyearbyen,78.2186,15.6401,22.84,86,20,9.22,SJ,1675649024,2023-02-06 02:03:44
71,rambha,19.5167,85.1,67.26,55,17,3.51,IN,1675649025,2023-02-06 02:03:45
72,faanui,-16.4833,-151.75,81.23,76,7,15.43,PF,1675649025,2023-02-06 02:03:45
73,clyde river,70.4692,-68.5914,-21.77,69,0,8.05,CA,1675649025,2023-02-06 02:03:45
74,saskylakh,71.9167,114.0833,-43.24,100,96,3.91,RU,1675649026,2023-02-06 02:03:46
75,chuy,-33.6971,-53.4616,65.28,82,0,3.13,UY,1675649026,2023-02-06 02:03:46
76,alice springs,-23.7,133.8833,88.21,40,1,13.8,AU,1675648886,2023-02-06 02:01:26
77,port elizabeth,-33.918,25.5701,75.09,94,75,12.66,ZA,1675649012,2023-02-06 02:03:32
78,constitucion,-35.3333,-72.4167,57.94,92,7,4.25,CL,1675649026,2023-02-06 02:03:46
79,arraial do cabo,-22.9661,-42.0278,73.74,93,75,7.9,BR,1675649027,2023-02-06 02:03:47
80,hilo,19.7297,-155.09,79.29,83,75,6.91,US,1675648809,2023-02-06 02:00:09
81,viedma,-40.8135,-62.9967,70.43,61,53,16.37,AR,1675648864,2023-02-06 02:01:04
82,kahului,20.8947,-156.47,79.97,84,28,10.0,US,1675648908,2023-02-06 02:01:48
83,nanortalik,60.1432,-45.2371,18.55,76,100,28.81,GL,1675649027,2023-02-06 02:03:47
84,mahonda,-6.45,39.4667,79.81,78,98,7.74,TZ,1675649028,2023-02-06 02:03:48
85,zhigansk,66.7697,123.3711,-40.63,94,100,2.19,RU,1675649028,2023-02-06 02:03:48
86,abalak,58.1286,68.5944,0.54,100,100,2.13,RU,1675649029,2023-02-06 02:03:49
87,dikson,73.5069,80.5464,0.09,96,100,3.49,RU,1675649029,2023-02-06 02:03:49
88,kloulklubed,7.0419,134.2556,82.9,77,100,19.86,PW,1675649029,2023-02-06 02:03:49
89,vaini,-21.2,-175.2,82.56,74,40,6.91,TO,1675649030,2023-02-06 02:03:50
90,mount isa,-20.7333,139.5,83.97,70,100,10.36,AU,1675649030,2023-02-06 02:03:50
91,saint george,37.1041,-113.5841,46.99,57,100,13.8,US,1675649030,2023-02-06 02:03:50
92,airai,-8.9266,125.4092,69.64,73,82,3.58,TL,1675649031,2023-02-06 02:03:51
93,batemans bay,-35.7167,150.1833,76.1,55,0,9.31,AU,1675649031,2023-02-06 02:03:51
94,cape town,-33.9258,18.4232,71.11,78,0,8.05,ZA,1675648993,2023-02-06 02:03:13
95,cabo san lucas,22.8909,-109.9124,75.51,46,0,6.91,MX,1675649025,2023-02-06 02:03:45
96,jaguey grande,22.5269,-81.1286,72.05,82,7,2.68,CU,1675649032,2023-02-06 02:03:52
97,qaanaaq,77.484,-69.3632,-4.36,55,56,4.83,GL,1675649032,2023-02-06 02:03:52
98,pevek,69.7008,170.3133,-34.64,99,96,3.87,RU,1675649033,2023-02-06 02:03:53
99,vardo,70.3705,31.1107,28.38,100,100,5.75,NO,1675649033,2023-02-06 02:03:53
100,rosetta,31.4044,30.4164,55.24,67,56,33.62,EG,1675649033,2023-02-06 02:03:53
101,atuona,-9.8,-139.0333,78.96,74,27,17.07,PF,1675648814,2023-02-06 02:00:14
102,birjand,32.8663,59.2211,28.87,74,0,6.91,IR,1675649034,2023-02-06 02:03:54
103,qui nhon,13.7667,109.2333,75.4,80,100,1.28,VN,1675649034,2023-02-06 02:03:54
104,mae ramat,16.984,98.5166,77.79,63,66,1.32,TH,1675649035,2023-02-06 02:03:55
105,mar del plata,-38.0023,-57.5575,78.82,57,0,10.36,AR,1675649035,2023-02-06 02:03:55
106,narsaq,60.9167,-46.05,3.16,81,72,11.68,GL,1675649035,2023-02-06 02:03:55
107,bambous virieux,-20.3428,57.7575,79.21,88,40,3.44,MU,1675649036,2023-02-06 02:03:56
108,lobito,-12.3481,13.5456,77.05,77,100,2.62,AO,1675649036,2023-02-06 02:03:56
109,rio gallegos,-51.6226,-69.2181,55.45,71,40,13.8,AR,1675648751,2023-02-06 01:59:11
110,nemuro,43.3236,145.575,28.26,71,100,4.21,JP,1675649036,2023-02-06 02:03:56
111,georgetown,5.4112,100.3354,78.73,93,40,5.01,MY,1675648910,2023-02-06 02:01:50
112,soc trang,9.6033,105.98,82.96,62,6,15.41,VN,1675649037,2023-02-06 02:03:57
113,esperance,-33.8667,121.9,82.35,40,62,16.42,AU,1675648855,2023-02-06 02:00:55
114,taunggyi,20.7833,97.0333,60.28,28,60,4.63,MM,1675649037,2023-02-06 02:03:57
115,san policarpo,12.1791,125.5072,80.65,84,83,13.15,PH,1675648838,2023-02-06 02:00:38
116,villa canales,14.4814,-90.5317,68.38,79,20,13.8,GT,1675649038,2023-02-06 02:03:58
117,atasu,48.6814,71.6433,18.97,97,96,6.13,KZ,1675649038,2023-02-06 02:03:58
118,mahebourg,-20.4081,57.7,79.25,88,40,3.44,MU,1675649038,2023-02-06 02:03:58
119,punta arenas,-53.15,-70.9167,50.11,76,75,13.8,CL,1675649039,2023-02-06 02:03:59
120,osoyoos,49.0331,-119.4524,41.76,81,100,5.75,CA,1675649039,2023-02-06 02:03:59
121,gasa,31.5,34.4667,53.89,47,3,21.43,PS,1675649039,2023-02-06 02:03:59
122,lodeynoye pole,60.726,33.5531,16.63,96,98,5.23,RU,1675649040,2023-02-06 02:04:00
123,luoyang,34.6836,112.4536,47.98,43,8,4.88,CN,1675649040,2023-02-06 02:04:00
124,koboko,3.4136,30.9599,65.79,38,21,5.3,UG,1675649040,2023-02-06 02:04:00
125,kokopo,-4.352,152.2633,82.92,65,99,4.09,PG,1675649041,2023-02-06 02:04:01
126,sao filipe,14.8961,-24.4956,68.85,64,37,15.79,CV,1675649041,2023-02-06 02:04:01
127,oussouye,12.485,-16.5469,68.18,61,90,8.39,SN,1675649041,2023-02-06 02:04:01
128,kutum,14.2,24.6667,63.05,14,97,6.24,SD,1675649042,2023-02-06 02:04:02
129,nikolskoye,59.7035,30.7861,26.49,95,100,6.04,RU,1675649042,2023-02-06 02:04:02
130,mayumba,-3.432,10.6554,77.54,88,94,4.25,GA,1675649043,2023-02-06 02:04:03
131,botad,22.1667,71.6667,64.98,56,3,6.89,IN,1675649045,2023-02-06 02:04:05
132,tiksi,71.6872,128.8694,-25.69,100,100,3.04,RU,1675649046,2023-02-06 02:04:06
133,puerto ayora,-0.7393,-90.3518,79.56,91,42,11.99,EC,1675649047,2023-02-06 02:04:07
134,ilulissat,69.2167,-51.1,-0.38,78,100,19.57,GL,1675649049,2023-02-06 02:04:09
135,marsh harbour,26.5412,-77.0636,74.34,79,88,17.58,BS,1675648805,2023-02-06 02:00:05
136,manacapuru,-3.2997,-60.6206,75.11,92,100,2.19,BR,1675649050,2023-02-06 02:04:10
137,sitka,57.0531,-135.33,42.69,65,100,27.63,US,1675649050,2023-02-06 02:04:10
138,ilheus,-14.7889,-39.0494,82.22,78,75,5.75,BR,1675649051,2023-02-06 02:04:11
139,iqaluit,63.7506,-68.5145,-16.31,68,75,10.36,CA,1675649051,2023-02-06 02:04:11
140,petropavlovsk-kamchatskiy,53.0452,158.6483,23.59,68,75,2.24,RU,1675649051,2023-02-06 02:04:11
141,ribeira brava,32.65,-17.0667,61.72,61,7,5.01,PT,1675649052,2023-02-06 02:04:12
142,asau,46.4333,26.4,24.28,93,98,8.05,RO,1675649053,2023-02-06 02:04:13
143,itacoatiara,-3.1431,-58.4442,74.3,96,100,1.74,BR,1675649053,2023-02-06 02:04:13
144,boa vista,2.8197,-60.6733,75.18,83,20,10.36,BR,1675649054,2023-02-06 02:04:14
145,same,-4.0667,37.7333,65.68,90,16,3.56,TZ,1675649055,2023-02-06 02:04:15
146,kamenka,51.3223,42.7678,9.27,97,89,4.72,RU,1675649055,2023-02-06 02:04:15
147,elista,46.3078,44.2558,25.32,92,100,7.0,RU,1675649056,2023-02-06 02:04:16
148,banda aceh,5.5577,95.3222,80.02,76,95,5.61,ID,1675649057,2023-02-06 02:04:17
149,olafsvik,64.8945,-23.7142,35.73,64,45,41.16,IS,1675649057,2023-02-06 02:04:17
150,masvingo,-20.0637,30.8277,61.54,79,0,2.26,ZW,1675649058,2023-02-06 02:04:18
151,sanjwal,33.7608,72.4336,53.02,74,89,5.93,PK,1675649059,2023-02-06 02:04:19
152,brae,60.3964,-1.353,46.54,89,100,26.31,GB,1675649059,2023-02-06 02:04:19
153,presidente epitacio,-21.7633,-52.1156,73.81,85,100,3.18,BR,1675649060,2023-02-06 02:04:20
154,manaure,11.7751,-72.4445,78.64,73,95,22.88,CO,1675649060,2023-02-06 02:04:20
155,keti bandar,24.1447,67.4497,70.14,85,0,13.22,PK,1675649061,2023-02-06 02:04:21
156,stollberg,50.7167,12.8,24.31,83,79,2.95,DE,1675649061,2023-02-06 02:04:21
157,vila praia de ancora,41.811,-8.8526,50.11,64,0,5.91,PT,1675649062,2023-02-06 02:04:22
158,warrington,53.3925,-2.5802,36.63,87,0,4.61,GB,1675648832,2023-02-06 02:00:32
159,peremyshl,54.2631,36.1606,25.36,97,94,5.97,RU,1675649062,2023-02-06 02:04:22
160,portland,45.5234,-122.6762,48.88,87,40,11.5,US,1675648893,2023-02-06 02:01:33
161,batagay-alyta,67.8006,130.4114,-26.52,99,100,1.07,RU,1675649063,2023-02-06 02:04:23
162,bekessamson,46.4167,20.6333,23.99,66,5,13.96,HU,1675649064,2023-02-06 02:04:24
163,kasempa,-13.4584,25.8338,62.91,98,100,4.68,ZM,1675649064,2023-02-06 02:04:24
164,lebu,-37.6167,-73.65,60.67,89,1,17.02,CL,1675649065,2023-02-06 02:04:25
165,neiafu,-18.65,-173.9833,86.68,70,75,9.22,TO,1675649065,2023-02-06 02:04:25
166,kyaikto,17.3,97.0167,78.49,65,51,5.5,MM,1675649066,2023-02-06 02:04:26
167,ixtapa,20.7,-105.2,74.23,87,0,3.0,MX,1675648775,2023-02-06 01:59:35
168,lethem,3.3803,-59.7968,75.79,77,100,12.88,GY,1675649067,2023-02-06 02:04:27
169,mount pleasant,32.7941,-79.8626,55.54,98,100,0.0,US,1675648813,2023-02-06 02:00:13
170,benghazi,32.1167,20.0667,52.5,58,99,26.66,LY,1675649069,2023-02-06 02:04:29
171,carnarvon,-24.8667,113.6333,81.12,63,0,17.43,AU,1675649069,2023-02-06 02:04:29
172,roald,62.5833,6.1333,45.34,70,40,13.8,NO,1675649070,2023-02-06 02:04:30
173,port hedland,-20.3167,118.5667,96.85,36,0,10.36,AU,1675649070,2023-02-06 02:04:30
174,otane,-39.8833,176.6333,78.04,52,54,7.87,NZ,1675649070,2023-02-06 02:04:30
175,kavaratti,10.5669,72.642,80.76,72,12,7.27,IN,1675649071,2023-02-06 02:04:31
176,booue,-0.0921,11.9385,72.63,96,59,1.57,GA,1675649071,2023-02-06 02:04:31
177,zilair,52.2332,57.4392,-0.71,99,66,2.73,RU,1675649071,2023-02-06 02:04:31
178,norman wells,65.282,-126.8329,-14.76,76,100,0.0,CA,1675649072,2023-02-06 02:04:32
179,kapit,2.0167,112.9333,82.6,78,100,1.88,MY,1675649072,2023-02-06 02:04:32
180,kenai,60.5544,-151.2583,28.09,74,100,28.77,US,1675649072,2023-02-06 02:04:32
181,wattegama,6.7989,81.4808,72.09,93,100,4.07,LK,1675649072,2023-02-06 02:04:32
182,korla,41.7597,86.1469,26.78,65,45,3.29,CN,1675649073,2023-02-06 02:04:33
183,arandis,-22.4167,14.9667,64.2,76,100,4.92,NA,1675649073,2023-02-06 02:04:33
184,broken hill,-31.95,141.4333,81.93,24,0,11.14,AU,1675649074,2023-02-06 02:04:34
185,isangel,-19.55,169.2667,85.62,69,100,1.03,VU,1675649074,2023-02-06 02:04:34
186,ribeira grande,38.5167,-28.7,61.77,92,100,15.01,PT,1675649074,2023-02-06 02:04:34
187,kavieng,-2.5744,150.7967,83.77,70,67,4.27,PG,1675649075,2023-02-06 02:04:35
188,tocopilla,-22.092,-70.1979,72.84,83,2,5.77,CL,1675649010,2023-02-06 02:03:30
189,guerrero negro,27.9769,-114.0611,60.08,81,97,16.58,MX,1675649075,2023-02-06 02:04:35
190,port blair,11.6667,92.75,80.64,83,40,4.61,IN,1675649076,2023-02-06 02:04:36
191,goderich,43.7501,-81.7165,35.92,80,100,6.91,CA,1675649076,2023-02-06 02:04:36
192,makakilo city,21.3469,-158.0858,80.92,63,40,16.11,US,1675649076,2023-02-06 02:04:36
193,khandbari,27.3747,87.2039,57.06,55,5,1.32,NP,1675649077,2023-02-06 02:04:37
194,sarzana,44.1115,9.9586,44.85,50,25,8.99,IT,1675649077,2023-02-06 02:04:37
195,heihe,50.2441,127.4902,-4.61,94,42,3.24,CN,1675649077,2023-02-06 02:04:37
196,mezhdurechensk,53.6942,88.0603,-7.55,99,10,3.36,RU,1675648882,2023-02-06 02:01:22
197,tikapur,28.5,81.1333,54.95,63,0,3.0,NP,1675649078,2023-02-06 02:04:38
198,tete,-16.1564,33.5867,77.14,78,40,5.99,MZ,1675648884,2023-02-06 02:01:24
199,katsuura,35.1333,140.3,50.43,60,82,5.44,JP,1675649078,2023-02-06 02:04:38
200,aketi,2.7388,23.7833,66.76,39,10,0.81,CD,1675649078,2023-02-06 02:04:38
201,lasa,46.6166,10.7002,27.01,93,58,5.64,IT,1675649079,2023-02-06 02:04:39
202,boyolangu,-8.1181,111.8935,81.21,72,83,3.78,ID,1675649079,2023-02-06 02:04:39
203,brigham city,41.5102,-112.0155,32.56,89,75,1.01,US,1675649080,2023-02-06 02:04:40
204,zhigalovo,54.8097,105.1578,4.08,97,100,2.93,RU,1675649080,2023-02-06 02:04:40
205,saint-augustin,51.226,-58.6502,3.45,96,100,3.6,CA,1675649080,2023-02-06 02:04:40
206,nsoko,-27.0333,31.95,70.65,87,88,4.18,SZ,1675649081,2023-02-06 02:04:41
207,tieling,42.2931,123.8414,22.39,52,9,3.62,CN,1675649081,2023-02-06 02:04:41
208,akhmim,26.5622,31.745,51.57,55,0,6.4,EG,1675649081,2023-02-06 02:04:41
209,plettenberg bay,-34.0527,23.3716,69.15,96,71,5.21,ZA,1675649082,2023-02-06 02:04:42
210,nago,26.5881,127.9761,70.65,85,100,15.32,JP,1675649082,2023-02-06 02:04:42
211,porto novo,6.4965,2.6036,79.09,88,100,6.29,BJ,1675649082,2023-02-06 02:04:42
212,thinadhoo,0.5333,72.9333,80.91,73,100,9.1,MV,1675649083,2023-02-06 02:04:43
213,torbay,47.6666,-52.7314,26.28,79,75,16.11,CA,1675649083,2023-02-06 02:04:43
214,gisborne,-38.6533,178.0042,72.9,70,90,7.7,NZ,1675648959,2023-02-06 02:02:39
215,charters towers,-20.1,146.2667,88.02,57,70,13.91,AU,1675649083,2023-02-06 02:04:43
216,cabedelo,-6.9811,-34.8339,79.47,80,19,9.22,BR,1675649084,2023-02-06 02:04:44
217,rizhao,35.4275,119.4553,43.56,74,100,2.66,CN,1675649084,2023-02-06 02:04:44
218,port macquarie,-31.4333,152.9167,84.88,56,1,11.1,AU,1675649084,2023-02-06 02:04:44
219,tura,25.5198,90.2201,62.24,48,0,3.09,IN,1675649085,2023-02-06 02:04:45
220,orthez,43.4884,-0.7724,44.08,92,14,5.66,FR,1675649085,2023-02-06 02:04:45
221,hofn,64.2539,-15.2082,42.96,84,100,31.63,IS,1675649085,2023-02-06 02:04:45
222,avarua,-21.2078,-159.775,78.85,83,75,8.05,CK,1675649070,2023-02-06 02:04:30
223,moose factory,51.2585,-80.6094,-13.02,84,0,3.44,CA,1675649086,2023-02-06 02:04:46
224,zhangjiakou,40.81,114.8794,27.5,25,3,3.31,CN,1675649086,2023-02-06 02:04:46
225,cockburn town,21.4612,-71.1419,76.96,69,40,14.97,TC,1675649087,2023-02-06 02:04:47
226,namie,37.4833,141.0,54.99,37,50,9.57,JP,1675649087,2023-02-06 02:04:47
227,dingle,10.9995,122.6711,81.66,77,93,11.14,PH,1675649087,2023-02-06 02:04:47
228,mehamn,71.0357,27.8492,39.15,56,100,20.71,NO,1675649088,2023-02-06 02:04:48
229,karaton,-6.3424,106.1045,82.13,64,88,5.82,ID,1675649088,2023-02-06 02:04:48
230,antalaha,-14.9003,50.2788,73.81,91,100,4.36,MG,1675649088,2023-02-06 02:04:48
231,banjar,-8.19,114.9675,82.22,70,100,2.46,ID,1675649089,2023-02-06 02:04:49
232,kirakira,-10.4544,161.9205,78.89,90,100,23.53,SB,1675649089,2023-02-06 02:04:49
233,xinxiang,35.3089,113.8672,47.82,38,56,6.82,CN,1675649089,2023-02-06 02:04:49
234,mianyang,31.4593,104.7542,52.05,61,58,2.46,CN,1675649090,2023-02-06 02:04:50
235,coquimbo,-29.9533,-71.3436,65.93,82,0,5.75,CL,1675649090,2023-02-06 02:04:50
236,terrace,54.5163,-128.6035,39.11,81,100,18.41,CA,1675649068,2023-02-06 02:04:28
237,myingyan,21.4667,95.3833,70.81,38,15,2.77,MM,1675649090,2023-02-06 02:04:50
238,namibe,-15.1961,12.1522,70.48,81,100,4.81,AO,1675649091,2023-02-06 02:04:51
239,abu samrah,35.3029,37.1841,45.68,80,65,10.8,SY,1675649091,2023-02-06 02:04:51
240,iralaya,15.0,-83.2333,75.47,83,0,10.58,HN,1675648808,2023-02-06 02:00:08
241,naryan-mar,67.6713,53.087,-2.49,99,32,8.25,RU,1675649092,2023-02-06 02:04:52
242,zhireken,52.8249,117.3076,-6.2,88,97,3.58,RU,1675649092,2023-02-06 02:04:52
243,pangnirtung,66.1451,-65.7125,-35.45,93,98,4.85,CA,1675649058,2023-02-06 02:04:18
244,bathsheba,13.2167,-59.5167,75.81,83,75,21.85,BB,1675649092,2023-02-06 02:04:52
245,kapuskasing,49.4169,-82.4331,-7.6,84,20,4.61,CA,1675649093,2023-02-06 02:04:53
246,chokurdakh,70.6333,147.9167,-41.6,100,86,1.5,RU,1675649093,2023-02-06 02:04:53
247,zatoka,46.0725,30.4654,30.33,80,87,23.69,UA,1675649094,2023-02-06 02:04:54
248,ostrovnoy,68.0531,39.5131,13.55,91,100,17.18,RU,1675649094,2023-02-06 02:04:54
249,avera,33.194,-82.5271,49.51,86,0,6.33,US,1675649094,2023-02-06 02:04:54
250,constantine,36.365,6.6147,40.41,93,40,1.14,DZ,1675649094,2023-02-06 02:04:54
251,bonthe,7.5264,-12.505,75.94,85,100,3.89,SL,1675649049,2023-02-06 02:04:09
252,luangwa,-15.6167,30.4167,69.98,97,65,2.08,ZM,1675649095,2023-02-06 02:04:55
253,muzhi,65.3667,64.6667,3.63,98,96,1.68,RU,1675649095,2023-02-06 02:04:55
254,santa barbara,34.7333,-120.0343,49.78,79,0,13.8,US,1675648769,2023-02-06 01:59:29
255,augusto correa,-1.0217,-46.635,74.68,96,100,3.2,BR,1675649096,2023-02-06 02:04:56
256,nhulunbuy,-12.2333,136.7667,88.41,66,40,10.36,AU,1675649096,2023-02-06 02:04:56
257,deniliquin,-35.5333,144.9667,80.2,31,0,7.78,AU,1675649096,2023-02-06 02:04:56
258,mbeya,-8.9,33.45,57.79,94,92,2.84,TZ,1675649097,2023-02-06 02:04:57
259,lasem,-6.6922,111.4527,81.48,79,98,5.03,ID,1675649097,2023-02-06 02:04:57
260,kaitangata,-46.2817,169.8464,66.2,59,69,14.45,NZ,1675649027,2023-02-06 02:03:47
261,lorengau,-2.0226,147.2712,84.36,71,69,4.88,PG,1675649097,2023-02-06 02:04:57
262,morada nova,-5.1067,-38.3725,75.78,89,53,4.07,BR,1675649098,2023-02-06 02:04:58
263,hammond,41.5834,-87.5,34.99,81,0,6.91,US,1675649098,2023-02-06 02:04:58
264,macamic,48.7502,-78.9996,-4.92,99,99,5.08,CA,1675649098,2023-02-06 02:04:58
265,tahta,26.7693,31.5021,52.03,54,1,6.53,EG,1675649099,2023-02-06 02:04:59
266,college,64.8569,-147.8028,1.35,81,40,5.75,US,1675648750,2023-02-06 01:59:10
267,port lincoln,-34.7333,135.8667,68.63,64,5,12.41,AU,1675649099,2023-02-06 02:04:59
268,luang prabang,19.8856,102.1347,71.56,83,75,0.0,LA,1675649099,2023-02-06 02:04:59
269,gazipur,23.9981,90.423,62.56,88,0,0.0,BD,1675649100,2023-02-06 02:05:00
270,saint-denis,48.9167,2.3333,40.08,90,0,10.36,FR,1675649100,2023-02-06 02:05:00
271,acapulco,16.8634,-99.8901,80.42,74,0,5.75,MX,1675649020,2023-02-06 02:03:40
272,lompoc,34.6391,-120.4579,53.78,81,20,14.97,US,1675649100,2023-02-06 02:05:00
273,zadar,44.1197,15.2422,32.61,43,0,16.11,HR,1675649101,2023-02-06 02:05:01
274,evensk,61.95,159.2333,-11.76,79,17,7.67,RU,1675649101,2023-02-06 02:05:01
275,quang ngai,15.1167,108.8,75.83,79,88,2.95,VN,1675649102,2023-02-06 02:05:02
276,burgeo,47.6167,-57.6152,33.44,98,100,29.75,CA,1675649102,2023-02-06 02:05:02
277,palu,-0.8917,119.8707,87.85,58,98,0.85,ID,1675649103,2023-02-06 02:05:03
278,seoul,37.5683,126.9778,36.97,81,20,1.14,KR,1675649104,2023-02-06 02:05:04
279,sept-iles,50.2001,-66.3821,3.2,83,100,4.61,CA,1675649069,2023-02-06 02:04:29
280,nanakuli,21.3906,-158.1547,82.35,55,40,10.36,US,1675649105,2023-02-06 02:05:05
281,porto torres,40.835,8.3972,51.98,74,100,24.76,IT,1675649107,2023-02-06 02:05:07
282,brunico,46.7958,11.9364,29.08,92,100,2.19,IT,1675649107,2023-02-06 02:05:07
283,tambun,-6.2641,107.0712,88.48,66,40,6.91,ID,1675649108,2023-02-06 02:05:08
284,gigante,2.3868,-75.5453,70.47,74,67,3.65,CO,1675649109,2023-02-06 02:05:09
285,bontang,0.1333,117.5,81.25,80,69,4.59,ID,1675649110,2023-02-06 02:05:10
286,sukumo,32.9333,132.7333,50.38,47,100,1.41,JP,1675649111,2023-02-06 02:05:11
287,janakkala,60.9,24.6,26.8,95,49,6.58,FI,1675649112,2023-02-06 02:05:12
288,puerto quijarro,-17.7833,-57.7667,75.72,80,27,1.66,BO,1675649113,2023-02-06 02:05:13
289,baykit,61.67,96.37,-2.61,100,94,3.09,RU,1675649113,2023-02-06 02:05:13
290,simao,22.7886,100.9748,64.62,35,5,3.27,CN,1675649114,2023-02-06 02:05:14
291,samarai,-10.6167,150.6667,83.01,79,99,13.47,PG,1675649114,2023-02-06 02:05:14
292,osa,57.2829,55.4567,10.94,97,100,3.11,RU,1675649115,2023-02-06 02:05:15
293,mayna,54.1135,47.6231,5.02,96,100,2.53,RU,1675649116,2023-02-06 02:05:16
294,menongue,-14.6585,17.691,60.8,94,100,1.07,AO,1675649117,2023-02-06 02:05:17
295,khomutovka,51.9207,34.5619,17.02,96,58,7.05,RU,1675649118,2023-02-06 02:05:18
296,margate,51.3813,1.3862,41.9,89,66,1.99,GB,1675649118,2023-02-06 02:05:18
297,siva,29.2041,25.5195,51.76,44,2,21.43,EG,1675649119,2023-02-06 02:05:19
298,iracoubo,5.4802,-53.2011,75.49,89,100,11.03,GF,1675649120,2023-02-06 02:05:20
299,tripoli,32.8752,13.1875,55.33,62,14,7.74,LY,1675649120,2023-02-06 02:05:20
300,carmo do rio claro,-20.9719,-46.1189,68.0,94,100,2.15,BR,1675649121,2023-02-06 02:05:21
301,suntar,62.1444,117.6319,-44.54,99,70,3.0,RU,1675649121,2023-02-06 02:05:21
302,suluq,31.6682,20.2521,50.0,55,99,20.69,LY,1675649121,2023-02-06 02:05:21
303,dunedin,-45.8742,170.5036,71.8,52,62,10.0,NZ,1675649122,2023-02-06 02:05:22
304,punto fijo,11.6956,-70.1996,77.29,82,35,30.51,VE,1675649122,2023-02-06 02:05:22
305,mapiri,-15.25,-68.1667,64.22,99,100,1.59,BO,1675649123,2023-02-06 02:05:23
306,pierre,44.3683,-100.351,34.72,78,0,15.01,US,1675649124,2023-02-06 02:05:24
307,husavik,66.0449,-17.3389,38.61,63,100,29.75,IS,1675649124,2023-02-06 02:05:24
308,bilma,18.6853,12.9164,62.26,13,12,14.03,NE,1675649125,2023-02-06 02:05:25
309,izhma,65.0083,53.9113,-12.82,100,100,3.06,RU,1675649126,2023-02-06 02:05:26
310,nouadhibou,20.931,-17.0347,60.78,55,1,17.27,MR,1675649126,2023-02-06 02:05:26
311,guican,6.4618,-72.4113,46.72,82,14,4.12,CO,1675649127,2023-02-06 02:05:27
312,solotcha,54.7917,39.8442,19.0,97,90,3.91,RU,1675649128,2023-02-06 02:05:28
313,vila franca do campo,37.7167,-25.4333,59.41,81,88,8.1,PT,1675649130,2023-02-06 02:05:30
314,los llanos de aridane,28.6585,-17.9182,55.15,70,100,9.22,ES,1675649130,2023-02-06 02:05:30
315,rocha,-34.4833,-54.3333,62.69,89,0,5.64,UY,1675649130,2023-02-06 02:05:30
316,yaan,7.3833,8.5667,79.93,32,100,5.99,NG,1675649131,2023-02-06 02:05:31
317,padang,-0.9492,100.3543,77.05,67,100,3.85,ID,1675649131,2023-02-06 02:05:31
318,tarakan,3.3,117.6333,83.7,79,40,4.61,ID,1675648871,2023-02-06 02:01:11
319,uarini,-2.99,-65.1083,71.62,98,100,2.28,BR,1675649132,2023-02-06 02:05:32
320,upernavik,72.7868,-56.1549,-14.03,95,100,7.9,GL,1675649132,2023-02-06 02:05:32
321,inuvik,68.3499,-133.7218,-33.74,67,20,0.0,CA,1675649132,2023-02-06 02:05:32
322,salym,60.0625,71.4789,-4.32,100,100,1.74,RU,1675649133,2023-02-06 02:05:33
323,jizan,17.3333,42.6667,76.14,71,100,1.1,SA,1675649133,2023-02-06 02:05:33
324,bara,10.3744,10.7288,73.76,23,100,6.62,NG,1675649133,2023-02-06 02:05:33
325,aleksandrovka,46.8383,32.7612,27.36,81,74,14.07,UA,1675649134,2023-02-06 02:05:34
326,lavrentiya,65.5833,-171.0,-4.72,89,99,9.37,RU,1675649134,2023-02-06 02:05:34
327,san cristobal,7.7669,-72.225,69.98,91,10,2.24,VE,1675649134,2023-02-06 02:05:34
328,miles city,46.4083,-105.8406,36.57,75,100,4.61,US,1675648931,2023-02-06 02:02:11
329,kilindoni,-7.9139,39.6668,80.02,77,100,6.6,TZ,1675649135,2023-02-06 02:05:35
330,kyabram,-36.3167,145.05,83.88,28,0,8.5,AU,1675649135,2023-02-06 02:05:35
331,iseyin,7.9667,3.6,77.61,78,100,6.67,NG,1675649135,2023-02-06 02:05:35
332,batagay,67.6333,134.6333,-42.97,99,92,2.15,RU,1675649136,2023-02-06 02:05:36
333,berdigestyakh,62.0989,126.6992,-29.94,96,100,3.83,RU,1675649136,2023-02-06 02:05:36
334,cayenne,4.9333,-52.3333,71.64,100,75,3.44,GF,1675649136,2023-02-06 02:05:36
335,grindavik,63.8424,-22.4338,37.87,56,40,29.93,IS,1675649137,2023-02-06 02:05:37
336,sabang,5.8933,95.3214,81.61,69,85,9.82,ID,1675649137,2023-02-06 02:05:37
337,mayo,38.8876,-76.5119,51.96,74,0,8.05,US,1675649138,2023-02-06 02:05:38
338,caravelas,-17.7125,-39.2481,78.28,84,1,10.54,BR,1675649138,2023-02-06 02:05:38
339,alofi,-19.0595,-169.9187,75.09,94,97,19.57,NU,1675649138,2023-02-06 02:05:38
340,premnitz,52.5333,12.3333,30.99,67,58,4.0,DE,1675649139,2023-02-06 02:05:39
341,aborlan,9.4352,118.5492,86.07,74,46,8.63,PH,1675649139,2023-02-06 02:05:39
342,durban,-29.8579,31.0292,74.01,87,0,4.0,ZA,1675648907,2023-02-06 02:01:47
343,linxia,35.6003,103.2064,29.07,38,100,1.74,CN,1675649140,2023-02-06 02:05:40
344,ishigaki,24.3448,124.1572,73.53,83,75,13.8,JP,1675649140,2023-02-06 02:05:40
345,new norfolk,-42.7826,147.0587,71.71,57,49,3.0,AU,1675649140,2023-02-06 02:05:40
346,tateyama,34.9833,139.8667,49.8,60,28,4.59,JP,1675649141,2023-02-06 02:05:41
347,pochutla,15.7432,-96.4661,78.62,74,0,4.47,MX,1675649141,2023-02-06 02:05:41
348,makueni,-1.8041,37.6203,59.16,73,7,1.54,KE,1675649141,2023-02-06 02:05:41
349,erdenet,49.0333,104.0833,-2.61,99,45,2.66,MN,1675649142,2023-02-06 02:05:42
350,grand gaube,-20.0064,57.6608,79.38,79,78,4.0,MU,1675649142,2023-02-06 02:05:42
351,shubarkuduk,49.1447,56.4872,0.93,96,13,6.69,KZ,1675649142,2023-02-06 02:05:42
352,talavera,15.6167,120.9333,80.24,66,98,4.54,PH,1675649143,2023-02-06 02:05:43
353,walvis bay,-22.9575,14.5053,66.09,87,100,4.16,NA,1675649143,2023-02-06 02:05:43
354,freeport,40.6576,-73.5832,42.98,86,0,5.75,US,1675649143,2023-02-06 02:05:43
355,baruun-urt,46.6806,113.2792,2.59,84,17,4.76,MN,1675649144,2023-02-06 02:05:44
356,fairbanks,64.8378,-147.7164,1.36,81,0,8.05,US,1675649144,2023-02-06 02:05:44
357,ponta do sol,32.6667,-17.1,61.72,60,7,5.12,PT,1675649145,2023-02-06 02:05:45
358,saldanha,-33.0117,17.9442,64.26,92,0,7.94,ZA,1675648846,2023-02-06 02:00:46
359,manoel urbano,-8.8389,-69.2597,71.4,99,97,1.36,BR,1675649145,2023-02-06 02:05:45
360,kayerkan,69.3497,87.7602,1.53,91,100,3.76,RU,1675649145,2023-02-06 02:05:45
361,comodoro rivadavia,-45.8667,-67.5,62.46,72,0,3.44,AR,1675649146,2023-02-06 02:05:46
362,great yarmouth,52.6083,1.7305,36.45,88,99,1.72,GB,1675649146,2023-02-06 02:05:46
363,karaman,37.0833,33.25,29.93,98,94,5.53,TR,1675649146,2023-02-06 02:05:46
364,trondheim,63.4305,10.3951,37.49,91,100,5.44,NO,1675649147,2023-02-06 02:05:47
365,timizart,36.8,4.2667,48.67,90,99,1.54,DZ,1675649003,2023-02-06 02:03:23
366,pilar,-9.5972,-35.9567,73.33,91,24,2.82,BR,1675649147,2023-02-06 02:05:47
367,guarapari,-20.6667,-40.4975,79.9,90,32,7.07,BR,1675649148,2023-02-06 02:05:48
368,para de minas,-19.8603,-44.6083,68.38,87,77,1.39,BR,1675649148,2023-02-06 02:05:48
369,morros,-9.4467,-46.3003,75.79,59,60,1.88,BR,1675649148,2023-02-06 02:05:48
370,lodja,-3.4833,23.4333,67.28,93,100,2.89,CD,1675649149,2023-02-06 02:05:49
371,coos bay,43.3665,-124.2179,47.14,93,100,11.5,US,1675648983,2023-02-06 02:03:03
372,kadoma,34.7333,135.5833,49.64,61,75,3.44,JP,1675649149,2023-02-06 02:05:49
373,progreso,21.2833,-89.6667,73.51,71,31,13.69,MX,1675649149,2023-02-06 02:05:49
374,tuatapere,-46.1333,167.6833,64.33,64,92,11.36,NZ,1675649150,2023-02-06 02:05:50
375,ketchikan,55.3422,-131.6461,37.87,87,100,20.71,US,1675649130,2023-02-06 02:05:30
376,svetlogorsk,52.6333,29.7333,20.19,94,95,7.0,BY,1675649150,2023-02-06 02:05:50
377,millinocket,45.6573,-68.7098,17.71,62,100,0.0,US,1675649152,2023-02-06 02:05:52
378,north bend,43.4065,-124.2243,47.07,93,100,11.5,US,1675649073,2023-02-06 02:04:33
379,xining,36.6167,101.7667,25.81,51,77,1.97,CN,1675649152,2023-02-06 02:05:52
380,nyurba,63.2842,118.3319,-46.3,99,73,4.32,RU,1675649152,2023-02-06 02:05:52
381,tigil,57.8,158.6667,-0.62,91,98,3.94,RU,1675649153,2023-02-06 02:05:53
382,requena,39.4883,-1.1004,34.52,72,1,2.19,ES,1675649153,2023-02-06 02:05:53
383,nandi hills,0.1066,35.1838,53.17,61,3,4.14,KE,1675649153,2023-02-06 02:05:53
384,frontera,26.9333,-101.45,63.91,33,0,2.13,MX,1675649154,2023-02-06 02:05:54
385,waddan,29.1614,16.139,48.34,88,53,6.71,LY,1675649154,2023-02-06 02:05:54
386,zinder,13.8072,8.9881,71.87,19,54,10.38,NE,1675649154,2023-02-06 02:05:54
387,upington,-28.4478,21.2561,70.18,88,0,3.44,ZA,1675649155,2023-02-06 02:05:55
388,hay river,60.8156,-115.7999,-2.22,78,100,16.11,CA,1675649155,2023-02-06 02:05:55
389,talnakh,69.4865,88.3972,2.21,98,100,2.19,RU,1675649155,2023-02-06 02:05:55
390,bronnoysund,65.4625,12.1997,39.2,87,100,18.41,NO,1675649156,2023-02-06 02:05:56
391,tieli,46.95,128.05,3.78,88,84,3.69,CN,1675649156,2023-02-06 02:05:56
392,acarau,-2.8856,-40.12,76.89,88,53,8.46,BR,1675648889,2023-02-06 02:01:29
393,takoradi,4.8845,-1.7554,79.18,89,90,8.23,GH,1675649156,2023-02-06 02:05:56
394,vuktyl,63.8567,57.3094,-6.36,100,98,3.18,RU,1675649157,2023-02-06 02:05:57
395,teguldet,57.3064,88.1667,-14.31,100,100,2.66,RU,1675649157,2023-02-06 02:05:57
396,komsomolskiy,40.4272,71.7189,38.12,93,100,2.3,UZ,1675649157,2023-02-06 02:05:57
397,irati,-25.4672,-50.6511,62.46,74,90,0.98,BR,1675649158,2023-02-06 02:05:58
398,hualmay,-11.0964,-77.6139,72.39,83,46,6.29,PE,1675649158,2023-02-06 02:05:58
399,gallup,35.5281,-108.7426,46.24,29,0,17.27,US,1675649159,2023-02-06 02:05:59
400,chara,56.9064,118.2631,-9.67,97,100,2.13,RU,1675649159,2023-02-06 02:05:59
401,codrington,-38.2667,141.9667,66.25,58,79,9.86,AU,1675649159,2023-02-06 02:05:59
402,tessalit,20.1986,1.0114,65.37,11,0,7.34,ML,1675648945,2023-02-06 02:02:25
403,photharam,13.6923,99.8497,85.93,61,4,3.98,TH,1675649160,2023-02-06 02:06:00
404,rantepao,-2.9701,119.8978,80.76,56,93,1.59,ID,1675649161,2023-02-06 02:06:01
405,mao,39.8885,4.2658,52.36,62,75,19.57,ES,1675649040,2023-02-06 02:04:00
406,synevyr,48.4875,23.6258,12.42,95,37,5.66,UA,1675649161,2023-02-06 02:06:01
407,mirnyy,62.5353,113.9611,-44.77,64,67,1.99,RU,1675649161,2023-02-06 02:06:01
408,vostok,46.4856,135.8833,6.98,78,61,4.85,RU,1675649162,2023-02-06 02:06:02
409,diffa,13.3154,12.6113,73.0,23,85,8.5,NE,1675649063,2023-02-06 02:04:23
410,muros,42.7762,-9.0603,45.09,78,5,7.25,ES,1675649163,2023-02-06 02:06:03
411,praia,14.9215,-23.5087,68.54,64,75,20.71,CV,1675649164,2023-02-06 02:06:04
412,haines junction,60.7522,-137.5108,13.95,79,100,1.14,CA,1675649165,2023-02-06 02:06:05
413,ancud,-41.8697,-73.8203,55.47,81,66,4.83,CL,1675649165,2023-02-06 02:06:05
414,tautira,-17.7333,-149.15,81.0,77,100,11.03,PF,1675649166,2023-02-06 02:06:06
415,varkkallai,8.7341,76.7067,78.58,69,95,5.68,IN,1675649166,2023-02-06 02:06:06
416,christchurch,-43.5333,172.6333,88.32,32,75,6.91,NZ,1675649167,2023-02-06 02:06:07
417,semnan,35.5729,53.3971,35.44,60,0,2.3,IR,1675649168,2023-02-06 02:06:08
418,jiayuguan,39.8167,98.3,28.09,37,92,2.42,CN,1675649168,2023-02-06 02:06:08
419,taoudenni,22.6783,-3.9836,58.93,28,99,9.1,ML,1675649168,2023-02-06 02:06:08
420,simojovel,17.1391,-92.7103,64.56,99,77,1.59,MX,1675649169,2023-02-06 02:06:09
421,saint anthony,45.0205,-93.218,24.42,78,0,4.61,US,1675649169,2023-02-06 02:06:09
422,patancheru,17.5314,78.265,61.66,30,43,5.41,IN,1675649171,2023-02-06 02:06:11
423,paamiut,61.994,-49.6678,12.92,76,100,17.45,GL,1675648893,2023-02-06 02:01:33
424,huilong,31.8111,121.655,45.93,97,100,7.63,CN,1675649172,2023-02-06 02:06:12
425,hervey bay,-25.2986,152.8535,80.82,78,86,20.0,AU,1675649173,2023-02-06 02:06:13
426,middelburg,-25.7751,29.4648,58.48,79,12,3.2,ZA,1675649174,2023-02-06 02:06:14
427,saint-francois,46.4154,3.9054,40.68,81,100,11.5,FR,1675649176,2023-02-06 02:06:16
428,okhotsk,59.3833,143.3,-10.03,75,99,12.39,RU,1675649176,2023-02-06 02:06:16
429,pacifica,37.6138,-122.4869,50.65,83,75,19.57,US,1675649152,2023-02-06 02:05:52
430,qaqortoq,60.7167,-46.0333,11.23,87,37,19.69,GL,1675649177,2023-02-06 02:06:17
431,humaita,-7.5061,-63.0208,73.58,94,37,2.24,BR,1675649177,2023-02-06 02:06:17
432,sioux lookout,50.1001,-91.917,5.07,78,75,4.61,CA,1675649178,2023-02-06 02:06:18
433,port-gentil,-0.7193,8.7815,80.94,78,99,10.38,GA,1675649178,2023-02-06 02:06:18
434,klaksvik,62.2266,-6.589,49.12,88,100,33.44,FO,1675649179,2023-02-06 02:06:19
435,terney,45.0503,136.6092,19.67,45,15,8.03,RU,1675649180,2023-02-06 02:06:20
436,itoman,26.1247,127.6694,70.57,86,75,13.8,JP,1675649180,2023-02-06 02:06:20
437,smidovich,48.6,133.8167,-1.62,85,13,6.24,RU,1675649181,2023-02-06 02:06:21
438,axim,4.8699,-2.2405,79.54,90,70,8.57,GH,1675649182,2023-02-06 02:06:22
439,tecoanapa,16.5167,-98.75,78.4,72,0,4.7,MX,1675649182,2023-02-06 02:06:22
440,ambilobe,-13.2,49.05,72.19,95,61,2.44,MG,1675649182,2023-02-06 02:06:22
441,bilibino,68.0546,166.4372,-31.61,100,100,1.34,RU,1675649183,2023-02-06 02:06:23
442,altona,53.55,9.9333,31.66,95,20,6.91,DE,1675649183,2023-02-06 02:06:23
443,jacqueville,5.2052,-4.4146,80.19,87,100,10.16,CI,1675649184,2023-02-06 02:06:24
444,bethausen,45.8331,21.9528,22.8,90,18,5.12,RO,1675649184,2023-02-06 02:06:24
445,tsiroanomandidy,-18.7667,46.0333,65.14,96,100,2.01,MG,1675649185,2023-02-06 02:06:25
446,high level,58.5169,-117.136,12.31,79,75,5.75,CA,1675649177,2023-02-06 02:06:17
447,bandarbeyla,9.4942,50.8122,74.34,75,63,13.6,SO,1675649186,2023-02-06 02:06:26
448,sal rei,16.1833,-22.9167,68.23,59,94,23.47,CV,1675649187,2023-02-06 02:06:27
449,ponta delgada,37.7333,-25.6667,59.72,77,75,10.36,PT,1675649188,2023-02-06 02:06:28
450,santiago del estero,-27.7951,-64.2615,77.34,46,47,7.83,AR,1675648926,2023-02-06 02:02:06
451,te anau,-45.4167,167.7167,64.11,61,85,6.87,NZ,1675648984,2023-02-06 02:03:04
452,harper,4.375,-7.7169,79.27,83,85,7.83,LR,1675649190,2023-02-06 02:06:30
453,burhaniye,39.5004,26.9727,31.91,59,75,20.71,TR,1675649190,2023-02-06 02:06:30
454,abong mbang,3.9833,13.1833,63.59,41,38,3.49,CM,1675649191,2023-02-06 02:06:31
455,katherine,-14.4667,132.2667,89.92,43,87,6.91,AU,1675649191,2023-02-06 02:06:31
456,shingu,33.7333,135.9833,53.17,42,100,1.86,JP,1675649192,2023-02-06 02:06:32
457,miri,4.4148,114.0089,82.54,89,20,4.61,MY,1675649192,2023-02-06 02:06:32
458,camocim,-2.9022,-40.8411,76.42,90,28,7.65,BR,1675649192,2023-02-06 02:06:32
459,mutum,-19.8,-41.4383,73.31,91,0,3.31,BR,1675649193,2023-02-06 02:06:33
460,novyy urengoy,66.0833,76.6333,-13.94,100,75,4.81,RU,1675649193,2023-02-06 02:06:33
461,vaitape,-16.5167,-151.75,81.28,76,8,15.37,PF,1675649194,2023-02-06 02:06:34
462,tello,3.0669,-75.1378,81.01,57,83,4.18,CO,1675649194,2023-02-06 02:06:34
463,mikhaylovka,50.06,43.2379,11.7,97,98,4.85,RU,1675649005,2023-02-06 02:03:25
464,ambulu,-8.345,113.6058,82.06,71,98,2.33,ID,1675649194,2023-02-06 02:06:34
465,hambantota,6.1241,81.1185,75.54,100,40,2.3,LK,1675649195,2023-02-06 02:06:35
466,jiaxing,30.7522,120.75,53.02,98,100,1.19,CN,1675649195,2023-02-06 02:06:35
467,jiaocheng,24.6774,116.1389,62.53,96,99,1.16,CN,1675649195,2023-02-06 02:06:35
468,namatanai,-3.6667,152.4333,84.47,68,91,4.79,PG,1675649196,2023-02-06 02:06:36
469,eunice,30.4944,-92.4176,58.89,66,94,2.1,US,1675649196,2023-02-06 02:06:36
470,tongren,27.7172,109.1853,46.53,82,100,0.47,CN,1675649196,2023-02-06 02:06:36
471,launceston,-41.45,147.1667,76.33,51,2,11.5,AU,1675649197,2023-02-06 02:06:37
472,calabozo,8.9242,-67.4293,84.81,46,92,11.83,VE,1675649197,2023-02-06 02:06:37
473,san vicente,-26.6167,-54.1333,64.56,53,100,1.72,AR,1675649197,2023-02-06 02:06:37
474,saucillo,28.0167,-105.2833,68.31,19,0,4.38,MX,1675649198,2023-02-06 02:06:38
475,santa cruz,-17.8,-63.1667,74.66,88,40,5.75,BO,1675649092,2023-02-06 02:04:52
476,zhongshu,24.5167,103.7667,59.29,49,6,11.56,CN,1675649198,2023-02-06 02:06:38
477,gannan,47.9147,123.5031,11.35,69,6,8.21,CN,1675649198,2023-02-06 02:06:38
478,batsfjord,70.6345,29.7185,37.33,80,100,21.85,NO,1675649199,2023-02-06 02:06:39
479,rypefjord,70.6333,23.6667,34.27,100,75,9.22,NO,1675649177,2023-02-06 02:06:17
480,sadiqabad,28.3062,70.1307,60.42,37,0,9.53,PK,1675649199,2023-02-06 02:06:39
481,dukat,62.55,155.55,-27.17,96,44,4.03,RU,1675649199,2023-02-06 02:06:39
482,hurghada,27.2574,33.8129,53.64,54,0,0.0,EG,1675649200,2023-02-06 02:06:40
483,liverpool,53.4106,-2.9779,35.29,87,0,3.44,GB,1675649172,2023-02-06 02:06:12
484,bay roberts,47.5999,-53.2648,27.05,81,92,5.01,CA,1675649200,2023-02-06 02:06:40
485,gazli,40.1333,63.45,37.54,63,100,7.92,UZ,1675649201,2023-02-06 02:06:41
486,mathathane,-22.2687,28.7495,71.37,61,3,3.8,BW,1675649201,2023-02-06 02:06:41
487,arawa,-6.2132,155.5367,80.46,83,100,2.82,PG,1675649201,2023-02-06 02:06:41
488,mosjoen,65.836,13.1908,40.66,86,100,2.3,NO,1675649201,2023-02-06 02:06:41
489,santiago,-33.4569,-70.6483,76.55,49,0,12.66,CL,1675648709,2023-02-06 01:58:29
490,touros,-5.1989,-35.4608,79.48,78,8,9.44,BR,1675649202,2023-02-06 02:06:42
491,san javier,37.8063,-0.8374,49.12,86,0,3.0,ES,1675649200,2023-02-06 02:06:40
492,minas,-34.3759,-55.2377,62.38,85,0,6.96,UY,1675649202,2023-02-06 02:06:42
493,eureka,40.8021,-124.1637,47.93,93,97,5.99,US,1675649203,2023-02-06 02:06:43
494,fort nelson,58.8053,-122.7002,-0.06,86,50,1.01,CA,1675649203,2023-02-06 02:06:43
495,vila,42.0304,-8.1588,36.7,61,8,5.41,PT,1675648924,2023-02-06 02:02:04
496,dongsheng,39.8161,109.9776,26.24,33,23,1.36,CN,1675649203,2023-02-06 02:06:43
497,baraboo,43.4711,-89.7443,26.01,83,0,0.0,US,1675649204,2023-02-06 02:06:44
498,seryshevo,51.0933,128.3786,-6.21,97,93,5.55,RU,1675649204,2023-02-06 02:06:44
499,waipawa,-41.4122,175.5153,72.46,54,0,12.73,NZ,1675649204,2023-02-06 02:06:44
500,concordia,-31.393,-58.0209,75.78,46,0,1.99,AR,1675649205,2023-02-06 02:06:45
501,markova,48.6758,24.4138,18.12,96,100,5.75,UA,1675649205,2023-02-06 02:06:45
502,muli,2.9167,73.5667,81.18,78,100,8.72,MV,1675649205,2023-02-06 02:06:45
503,poptun,16.3311,-89.4169,63.52,97,60,2.3,GT,1675649206,2023-02-06 02:06:46
504,agadez,19.75,10.25,58.17,16,1,8.93,NE,1675649206,2023-02-06 02:06:46
505,vilkaviskis,54.6517,23.0322,26.73,71,100,7.87,LT,1675649207,2023-02-06 02:06:47
506,fairview,40.8126,-73.999,41.22,65,0,0.0,US,1675649207,2023-02-06 02:06:47
507,camana,-16.6228,-72.7111,77.11,76,100,2.62,PE,1675649173,2023-02-06 02:06:13
508,esil,51.9556,66.4042,12.83,96,100,3.85,KZ,1675649208,2023-02-06 02:06:48
509,hoquiam,46.9809,-123.8893,46.99,85,100,16.11,US,1675649208,2023-02-06 02:06:48
510,kuito,-12.3833,16.9333,58.42,93,100,5.57,AO,1675649208,2023-02-06 02:06:48
511,levski,43.3667,25.1333,20.8,91,97,5.53,BG,1675649208,2023-02-06 02:06:48
512,hami,42.8,93.45,30.49,39,11,5.06,CN,1675649209,2023-02-06 02:06:49
513,morehead,37.2711,-87.1764,47.79,75,0,0.0,US,1675649209,2023-02-06 02:06:49
514,santo antonio do sudoeste,-26.0736,-53.7253,64.96,63,83,2.73,BR,1675649209,2023-02-06 02:06:49
515,labuhan,-6.8844,112.2051,80.33,81,100,6.6,ID,1675649210,2023-02-06 02:06:50
516,kang,-23.6752,22.7876,70.23,74,100,5.84,BW,1675649211,2023-02-06 02:06:51
517,puerto carreno,6.189,-67.4859,79.09,58,17,3.27,CO,1675649211,2023-02-06 02:06:51
518,biloela,-24.4167,150.5,92.25,49,78,12.24,AU,1675649212,2023-02-06 02:06:52
519,arlit,18.7369,7.3853,69.64,16,44,8.32,NE,1675649212,2023-02-06 02:06:52
520,port hueneme,34.1478,-119.1951,59.25,69,0,23.02,US,1675649212,2023-02-06 02:06:52
521,tabas,33.5959,56.9244,46.11,29,59,0.96,IR,1675649213,2023-02-06 02:06:53
522,warri,5.5167,5.75,79.2,86,100,4.03,NG,1675649213,2023-02-06 02:06:53
523,brockville,44.5834,-75.6826,38.14,83,100,10.0,CA,1675649171,2023-02-06 02:06:11
524,zalantun,48.0,122.7167,7.72,69,3,4.61,CN,1675649213,2023-02-06 02:06:53
525,the pas,53.8251,-101.2541,24.42,96,100,7.87,CA,1675649214,2023-02-06 02:06:54
526,olney,39.1532,-77.0669,52.32,57,0,9.22,US,1675649214,2023-02-06 02:06:54
527,amursk,50.2261,136.8994,-3.6,92,99,3.49,RU,1675649215,2023-02-06 02:06:55
528,illapel,-31.6308,-71.1653,69.91,69,0,2.77,CL,1675649215,2023-02-06 02:06:55
529,yulara,-25.2406,130.9889,86.36,12,0,11.79,AU,1675649216,2023-02-06 02:06:56
530,saint-leu,-21.15,55.2833,77.83,80,94,3.98,RE,1675649216,2023-02-06 02:06:56
531,atlantic city,39.3643,-74.4229,45.12,83,0,14.0,US,1675649180,2023-02-06 02:06:20
532,chany,55.3121,76.7647,-6.74,100,100,6.17,RU,1675649216,2023-02-06 02:06:56
533,witu,-2.3889,40.4382,77.16,92,4,6.35,KE,1675649217,2023-02-06 02:06:57
534,manta,-0.95,-80.7333,80.38,78,75,5.75,EC,1675649157,2023-02-06 02:05:57
535,savonlinna,61.8699,28.88,24.85,93,100,4.61,FI,1675649217,2023-02-06 02:06:57
536,saint-joseph,-21.3667,55.6167,75.58,82,87,10.02,RE,1675649217,2023-02-06 02:06:57
537,rockport,28.0206,-97.0544,66.99,100,0,8.05,US,1675649218,2023-02-06 02:06:58
538,quatre cocos,-20.2078,57.7625,79.09,78,93,10.45,MU,1675649218,2023-02-06 02:06:58
539,flinders,-34.5833,150.8552,85.17,65,0,7.0,AU,1675649218,2023-02-06 02:06:58
540,ciudad guayana,8.3533,-62.6528,76.51,85,38,7.9,VE,1675649219,2023-02-06 02:06:59
541,santa maria,-29.6842,-53.8069,69.91,62,82,3.74,BR,1675649219,2023-02-06 02:06:59
542,maarianhamina,60.0973,19.9348,33.66,75,0,9.22,AX,1675649220,2023-02-06 02:07:00
543,palmer,42.1584,-72.3287,41.41,63,75,8.05,US,1675649105,2023-02-06 02:05:05
544,bow island,49.8668,-111.3684,35.47,74,82,13.69,CA,1675649220,2023-02-06 02:07:00
545,amarillo,35.222,-101.8313,59.09,19,0,1.99,US,1675648948,2023-02-06 02:02:28
546,krasnoselkup,65.7,82.4667,-16.91,100,78,2.82,RU,1675649221,2023-02-06 02:07:01
547,kabare,-2.4683,28.8242,58.84,89,90,1.52,CD,1675649221,2023-02-06 02:07:01
548,rio grande,-32.035,-52.0986,70.41,81,4,5.1,BR,1675649221,2023-02-06 02:07:01
